Workbook

Sheet 怪物
A1: 符号 | B1: 名称 | C1: 基础血量 | D1: 速度 | E1: 体型半径 | F1: 类型 | G1: 射击 | H1: 喷射式子 | I1: 带毒 | J1: 瞬移 | K1: 冲刺 | L1: 死后分裂 | M1: 描述 | N1: 掉落卡片 | O1: 出现地图 | P1: 普通血量 | Q1: 罕见血量 | R1: 稀有血量 | S1: 史诗血量 | T1: 传说血量 | U1: 神话血量 | V1: 超级血量 | W1: 究极血量 | X1: 永恒血量 | Y1: 唯一血量
A2: π | B2: 圆周率 | C2: 3 | D2: 60 | E2: 20 | F2: 普通 | M2: 最常见的入门怪，追着你跑。 | N2: 圆周率 | O2: 花园 | P2: =$C2*稀有度!$G$4*稀有度!$D$4 -> 4.5 | Q2: =$C2*稀有度!$G$4*稀有度!$D$5 -> 9 | R2: =$C2*稀有度!$G$4*稀有度!$D$6 -> 18 | S2: =$C2*稀有度!$G$4*稀有度!$D$7 -> 36 | T2: =$C2*稀有度!$G$4*稀有度!$D$8 -> 72 | U2: =$C2*稀有度!$G$4*稀有度!$D$9 -> 144 | V2: =$C2*稀有度!$G$4*稀有度!$D$10 -> 270 | W2: =$C2*稀有度!$G$4*稀有度!$D$11 -> 495 | X2: =$C2*稀有度!$G$4*稀有度!$D$12 -> 900 | Y2: =$C2*稀有度!$G$4*稀有度!$D$13 -> 1800
A3: √ | B3: 平方根 | C3: 4 | D3: 75 | E3: 20 | F3: 普通 | M3: 速度稍快的追击怪。 | N3: 平方根 | O3: 花园、沙漠 | P3: =$C3*稀有度!$G$4*稀有度!$D$4 -> 6 | Q3: =$C3*稀有度!$G$4*稀有度!$D$5 -> 12 | R3: =$C3*稀有度!$G$4*稀有度!$D$6 -> 24 | S3: =$C3*稀有度!$G$4*稀有度!$D$7 -> 48 | T3: =$C3*稀有度!$G$4*稀有度!$D$8 -> 96 | U3: =$C3*稀有度!$G$4*稀有度!$D$9 -> 192 | V3: =$C3*稀有度!$G$4*稀有度!$D$10 -> 360 | W3: =$C3*稀有度!$G$4*稀有度!$D$11 -> 660 | X3: =$C3*稀有度!$G$4*稀有度!$D$12 -> 1200 | Y3: =$C3*稀有度!$G$4*稀有度!$D$13 -> 2400
A4: ∞ | B4: 无穷 | C4: 5 | D4: 95 | E4: 24 | F4: 普通 | M4: 蛇形走位逼近，难以预判。 | N4: 无穷 | O4: 沙漠、洞窟、冰原 | P4: =$C4*稀有度!$G$4*稀有度!$D$4 -> 7.5 | Q4: =$C4*稀有度!$G$4*稀有度!$D$5 -> 15 | R4: =$C4*稀有度!$G$4*稀有度!$D$6 -> 30 | S4: =$C4*稀有度!$G$4*稀有度!$D$7 -> 60 | T4: =$C4*稀有度!$G$4*稀有度!$D$8 -> 120 | U4: =$C4*稀有度!$G$4*稀有度!$D$9 -> 240 | V4: =$C4*稀有度!$G$4*稀有度!$D$10 -> 450 | W4: =$C4*稀有度!$G$4*稀有度!$D$11 -> 825 | X4: =$C4*稀有度!$G$4*稀有度!$D$12 -> 1500 | Y4: =$C4*稀有度!$G$4*稀有度!$D$13 -> 3000
A5: ∑ | B5: 求和 | C5: 12 | D5: 42 | E5: 30 | F5: 普通 | G5: ✓ | H5: k² | M5: 体型大、血量厚、移动缓慢。走近时，会把右边的式子朝你喷射出去。 | N5: 求和 | O5: 洞窟、深渊、熔岩、虚空、地狱蚁穴 | P5: =$C5*稀有度!$G$4*稀有度!$D$4 -> 18 | Q5: =$C5*稀有度!$G$4*稀有度!$D$5 -> 36 | R5: =$C5*稀有度!$G$4*稀有度!$D$6 -> 72 | S5: =$C5*稀有度!$G$4*稀有度!$D$7 -> 144 | T5: =$C5*稀有度!$G$4*稀有度!$D$8 -> 288 | U5: =$C5*稀有度!$G$4*稀有度!$D$9 -> 576 | V5: =$C5*稀有度!$G$4*稀有度!$D$10 -> 1080 | W5: =$C5*稀有度!$G$4*稀有度!$D$11 -> 1980 | X5: =$C5*稀有度!$G$4*稀有度!$D$12 -> 3600 | Y5: =$C5*稀有度!$G$4*稀有度!$D$13 -> 7200
A6: i | B6: 虚数单位 | C6: 4 | D6: 55 | E6: 18 | F6: 普通 | J6: ✓ | M6: 会定时瞬移到你附近。 | N6: 虚数单位 | O6: 沙漠、深渊、虚空 | P6: =$C6*稀有度!$G$4*稀有度!$D$4 -> 6 | Q6: =$C6*稀有度!$G$4*稀有度!$D$5 -> 12 | R6: =$C6*稀有度!$G$4*稀有度!$D$6 -> 24 | S6: =$C6*稀有度!$G$4*稀有度!$D$7 -> 48 | T6: =$C6*稀有度!$G$4*稀有度!$D$8 -> 96 | U6: =$C6*稀有度!$G$4*稀有度!$D$9 -> 192 | V6: =$C6*稀有度!$G$4*稀有度!$D$10 -> 360 | W6: =$C6*稀有度!$G$4*稀有度!$D$11 -> 660 | X6: =$C6*稀有度!$G$4*稀有度!$D$12 -> 1200 | Y6: =$C6*稀有度!$G$4*稀有度!$D$13 -> 2400
A7: ! | B7: 阶乘 | C7: 7 | D7: 62 | E7: 22 | F7: 普通 | L7: ✓ | M7: 死后分裂成两个小 π。 | N7: 阶乘 | O7: 洞窟、深渊、熔岩 | P7: =$C7*稀有度!$G$4*稀有度!$D$4 -> 10.5 | Q7: =$C7*稀有度!$G$4*稀有度!$D$5 -> 21 | R7: =$C7*稀有度!$G$4*稀有度!$D$6 -> 42 | S7: =$C7*稀有度!$G$4*稀有度!$D$7 -> 84 | T7: =$C7*稀有度!$G$4*稀有度!$D$8 -> 168 | U7: =$C7*稀有度!$G$4*稀有度!$D$9 -> 336 | V7: =$C7*稀有度!$G$4*稀有度!$D$10 -> 630 | W7: =$C7*稀有度!$G$4*稀有度!$D$11 -> 1155 | X7: =$C7*稀有度!$G$4*稀有度!$D$12 -> 2100 | Y7: =$C7*稀有度!$G$4*稀有度!$D$13 -> 4200
A8: φ | B8: 黄金比例 | C8: 8 | D8: 60 | E8: 22 | F8: 普通 | K8: ✓ | M8: 定时发起三倍速的冲刺。 | N8: 黄金比例 | O8: 洞窟、深渊、熔岩、虚空 | P8: =$C8*稀有度!$G$4*稀有度!$D$4 -> 12 | Q8: =$C8*稀有度!$G$4*稀有度!$D$5 -> 24 | R8: =$C8*稀有度!$G$4*稀有度!$D$6 -> 48 | S8: =$C8*稀有度!$G$4*稀有度!$D$7 -> 96 | T8: =$C8*稀有度!$G$4*稀有度!$D$8 -> 192 | U8: =$C8*稀有度!$G$4*稀有度!$D$9 -> 384 | V8: =$C8*稀有度!$G$4*稀有度!$D$10 -> 720 | W8: =$C8*稀有度!$G$4*稀有度!$D$11 -> 1320 | X8: =$C8*稀有度!$G$4*稀有度!$D$12 -> 2400 | Y8: =$C8*稀有度!$G$4*稀有度!$D$13 -> 4800
A9: Ω | B9: 欧米伽 | C9: 40 | D9: 36 | E9: 40 | F9: Boss | G9: ✓ | H9: Ω=∞ | M9: Boss，血量极厚，会发射三连弹。 | N9: 欧米伽 | O9: 深渊、虚空、地狱蚁穴 | P9: =$C9*稀有度!$G$4*稀有度!$D$4 -> 60 | Q9: =$C9*稀有度!$G$4*稀有度!$D$5 -> 120 | R9: =$C9*稀有度!$G$4*稀有度!$D$6 -> 240 | S9: =$C9*稀有度!$G$4*稀有度!$D$7 -> 480 | T9: =$C9*稀有度!$G$4*稀有度!$D$8 -> 960 | U9: =$C9*稀有度!$G$4*稀有度!$D$9 -> 1920 | V9: =$C9*稀有度!$G$4*稀有度!$D$10 -> 3600 | W9: =$C9*稀有度!$G$4*稀有度!$D$11 -> 6600 | X9: =$C9*稀有度!$G$4*稀有度!$D$12 -> 12000 | Y9: =$C9*稀有度!$G$4*稀有度!$D$13 -> 24000
A10: e | B10: 自然常数 | C10: 3 | D10: 115 | E10: 17 | F10: 普通 | M10: 体型小、速度极快。 | N10: 自然常数 | O10: 花园、冰原 | P10: =$C10*稀有度!$G$4*稀有度!$D$4 -> 4.5 | Q10: =$C10*稀有度!$G$4*稀有度!$D$5 -> 9 | R10: =$C10*稀有度!$G$4*稀有度!$D$6 -> 18 | S10: =$C10*稀有度!$G$4*稀有度!$D$7 -> 36 | T10: =$C10*稀有度!$G$4*稀有度!$D$8 -> 72 | U10: =$C10*稀有度!$G$4*稀有度!$D$9 -> 144 | V10: =$C10*稀有度!$G$4*稀有度!$D$10 -> 270 | W10: =$C10*稀有度!$G$4*稀有度!$D$11 -> 495 | X10: =$C10*稀有度!$G$4*稀有度!$D$12 -> 900 | Y10: =$C10*稀有度!$G$4*稀有度!$D$13 -> 1800
A11: ε | B11: 无穷小 | C11: 2 | D11: 125 | E11: 12 | F11: 普通 | M11: 成群出现的极小怪，速度很快。 | N11: 无穷小 | O11: 沙漠、冰原 | P11: =$C11*稀有度!$G$4*稀有度!$D$4 -> 3 | Q11: =$C11*稀有度!$G$4*稀有度!$D$5 -> 6 | R11: =$C11*稀有度!$G$4*稀有度!$D$6 -> 12 | S11: =$C11*稀有度!$G$4*稀有度!$D$7 -> 24 | T11: =$C11*稀有度!$G$4*稀有度!$D$8 -> 48 | U11: =$C11*稀有度!$G$4*稀有度!$D$9 -> 96 | V11: =$C11*稀有度!$G$4*稀有度!$D$10 -> 180 | W11: =$C11*稀有度!$G$4*稀有度!$D$11 -> 330 | X11: =$C11*稀有度!$G$4*稀有度!$D$12 -> 600 | Y11: =$C11*稀有度!$G$4*稀有度!$D$13 -> 1200
A12: ζ | B12: 黎曼ζ | C12: 16 | D12: 38 | E12: 28 | F12: 普通 | G12: ✓ | H12: ζ(2) | I12: ✓ | M12: 血量很厚的重装怪。带毒：接触会让你持续中毒。 | N12: 黎曼ζ | O12: 洞窟、冰原、熔岩 | P12: =$C12*稀有度!$G$4*稀有度!$D$4 -> 24 | Q12: =$C12*稀有度!$G$4*稀有度!$D$5 -> 48 | R12: =$C12*稀有度!$G$4*稀有度!$D$6 -> 96 | S12: =$C12*稀有度!$G$4*稀有度!$D$7 -> 192 | T12: =$C12*稀有度!$G$4*稀有度!$D$8 -> 384 | U12: =$C12*稀有度!$G$4*稀有度!$D$9 -> 768 | V12: =$C12*稀有度!$G$4*稀有度!$D$10 -> 1440 | W12: =$C12*稀有度!$G$4*稀有度!$D$11 -> 2640 | X12: =$C12*稀有度!$G$4*稀有度!$D$12 -> 4800 | Y12: =$C12*稀有度!$G$4*稀有度!$D$13 -> 9600
A13: ∏ | B13: 连乘 | C13: 12 | D13: 50 | E13: 26 | F13: 普通 | G13: ✓ | H13: k+1 | I13: ✓ | L13: ✓ | M13: 血厚，死后分裂成两个小 π。带毒：接触会让你持续中毒。 | N13: 连乘 | O13: 深渊、冰原、熔岩、虚空、地狱蚁穴 | P13: =$C13*稀有度!$G$4*稀有度!$D$4 -> 18 | Q13: =$C13*稀有度!$G$4*稀有度!$D$5 -> 36 | R13: =$C13*稀有度!$G$4*稀有度!$D$6 -> 72 | S13: =$C13*稀有度!$G$4*稀有度!$D$7 -> 144 | T13: =$C13*稀有度!$G$4*稀有度!$D$8 -> 288 | U13: =$C13*稀有度!$G$4*稀有度!$D$9 -> 576 | V13: =$C13*稀有度!$G$4*稀有度!$D$10 -> 1080 | W13: =$C13*稀有度!$G$4*稀有度!$D$11 -> 1980 | X13: =$C13*稀有度!$G$4*稀有度!$D$12 -> 3600 | Y13: =$C13*稀有度!$G$4*稀有度!$D$13 -> 7200
A14: Ψ | B14: 波函数 | C14: 60 | D14: 34 | E14: 44 | F14: Boss | G14: ✓ | H14: Ψ(x,t) | M14: Boss，血量极厚，会发射三连弹。 | N14: 波函数 | O14: 熔岩、虚空、地狱蚁穴 | P14: =$C14*稀有度!$G$4*稀有度!$D$4 -> 90 | Q14: =$C14*稀有度!$G$4*稀有度!$D$5 -> 180 | R14: =$C14*稀有度!$G$4*稀有度!$D$6 -> 360 | S14: =$C14*稀有度!$G$4*稀有度!$D$7 -> 720 | T14: =$C14*稀有度!$G$4*稀有度!$D$8 -> 1440 | U14: =$C14*稀有度!$G$4*稀有度!$D$9 -> 2880 | V14: =$C14*稀有度!$G$4*稀有度!$D$10 -> 5400 | W14: =$C14*稀有度!$G$4*稀有度!$D$11 -> 9900 | X14: =$C14*稀有度!$G$4*稀有度!$D$12 -> 18000 | Y14: =$C14*稀有度!$G$4*稀有度!$D$13 -> 36000
A15: ∇ | B15: 梯度 | C15: 90 | D15: 40 | E15: 46 | F15: Boss | G15: ✓ | H15: ∇·F | M15: Boss，越靠近你越快，会发射三连弹。 | N15: 梯度 | O15: 虚空、地狱蚁穴 | P15: =$C15*稀有度!$G$4*稀有度!$D$4 -> 135 | Q15: =$C15*稀有度!$G$4*稀有度!$D$5 -> 270 | R15: =$C15*稀有度!$G$4*稀有度!$D$6 -> 540 | S15: =$C15*稀有度!$G$4*稀有度!$D$7 -> 1080 | T15: =$C15*稀有度!$G$4*稀有度!$D$8 -> 2160 | U15: =$C15*稀有度!$G$4*稀有度!$D$9 -> 4320 | V15: =$C15*稀有度!$G$4*稀有度!$D$10 -> 8100 | W15: =$C15*稀有度!$G$4*稀有度!$D$11 -> 14850 | X15: =$C15*稀有度!$G$4*稀有度!$D$12 -> 27000 | Y15: =$C15*稀有度!$G$4*稀有度!$D$13 -> 54000
A16: lim | B16: 极限 | C16: 6 | D16: 95 | E16: 24 | F16: 普通 | G16: ✓ | H16: x→0 | M16: 会射击，靠近你时速度逐渐放慢。 | N16: 极限 | O16: 洞窟、深渊、地狱蚁穴 | P16: =$C16*稀有度!$G$4*稀有度!$D$4 -> 9 | Q16: =$C16*稀有度!$G$4*稀有度!$D$5 -> 18 | R16: =$C16*稀有度!$G$4*稀有度!$D$6 -> 36 | S16: =$C16*稀有度!$G$4*稀有度!$D$7 -> 72 | T16: =$C16*稀有度!$G$4*稀有度!$D$8 -> 144 | U16: =$C16*稀有度!$G$4*稀有度!$D$9 -> 288 | V16: =$C16*稀有度!$G$4*稀有度!$D$10 -> 540 | W16: =$C16*稀有度!$G$4*稀有度!$D$11 -> 990 | X16: =$C16*稀有度!$G$4*稀有度!$D$12 -> 1800 | Y16: =$C16*稀有度!$G$4*稀有度!$D$13 -> 3600
A17: f′ | B17: 导函数 | C17: 6 | D17: 62 | E17: 22 | F17: 普通 | M17: 血量越低越狂暴。 | N17: 导函数 | O17: 洞窟、熔岩、地狱蚁穴 | P17: =$C17*稀有度!$G$4*稀有度!$D$4 -> 9 | Q17: =$C17*稀有度!$G$4*稀有度!$D$5 -> 18 | R17: =$C17*稀有度!$G$4*稀有度!$D$6 -> 36 | S17: =$C17*稀有度!$G$4*稀有度!$D$7 -> 72 | T17: =$C17*稀有度!$G$4*稀有度!$D$8 -> 144 | U17: =$C17*稀有度!$G$4*稀有度!$D$9 -> 288 | V17: =$C17*稀有度!$G$4*稀有度!$D$10 -> 540 | W17: =$C17*稀有度!$G$4*稀有度!$D$11 -> 990 | X17: =$C17*稀有度!$G$4*稀有度!$D$12 -> 1800 | Y17: =$C17*稀有度!$G$4*稀有度!$D$13 -> 3600
A18: [ ] | B18: 矩阵 | C18: 11 | D18: 45 | E18: 28 | F18: 普通 | L18: ✓ | M18: 血厚，死后分裂成两个小 π。 | N18: 矩阵 | O18: 深渊、熔岩、地狱蚁穴 | P18: =$C18*稀有度!$G$4*稀有度!$D$4 -> 16.5 | Q18: =$C18*稀有度!$G$4*稀有度!$D$5 -> 33 | R18: =$C18*稀有度!$G$4*稀有度!$D$6 -> 66 | S18: =$C18*稀有度!$G$4*稀有度!$D$7 -> 132 | T18: =$C18*稀有度!$G$4*稀有度!$D$8 -> 264 | U18: =$C18*稀有度!$G$4*稀有度!$D$9 -> 528 | V18: =$C18*稀有度!$G$4*稀有度!$D$10 -> 990 | W18: =$C18*稀有度!$G$4*稀有度!$D$11 -> 1815 | X18: =$C18*稀有度!$G$4*稀有度!$D$12 -> 3300 | Y18: =$C18*稀有度!$G$4*稀有度!$D$13 -> 6600
A19: v⃗ | B19: 向量 | C19: 5 | D19: 70 | E19: 20 | F19: 普通 | K19: ✓ | M19: 定时冲刺的突击怪。 | N19: 向量 | O19: 洞窟、虚空、地狱蚁穴 | P19: =$C19*稀有度!$G$4*稀有度!$D$4 -> 7.5 | Q19: =$C19*稀有度!$G$4*稀有度!$D$5 -> 15 | R19: =$C19*稀有度!$G$4*稀有度!$D$6 -> 30 | S19: =$C19*稀有度!$G$4*稀有度!$D$7 -> 60 | T19: =$C19*稀有度!$G$4*稀有度!$D$8 -> 120 | U19: =$C19*稀有度!$G$4*稀有度!$D$9 -> 240 | V19: =$C19*稀有度!$G$4*稀有度!$D$10 -> 450 | W19: =$C19*稀有度!$G$4*稀有度!$D$11 -> 825 | X19: =$C19*稀有度!$G$4*稀有度!$D$12 -> 1500 | Y19: =$C19*稀有度!$G$4*稀有度!$D$13 -> 3000
A20: P(A) | B20: 概率 | C20: 5 | D20: 60 | E20: 24 | F20: 普通 | G20: ✓ | H20: P=.3 | J20: ✓ | M20: 会射击，并且定时瞬移。 | N20: 概率 | O20: 深渊、虚空、地狱蚁穴 | P20: =$C20*稀有度!$G$4*稀有度!$D$4 -> 7.5 | Q20: =$C20*稀有度!$G$4*稀有度!$D$5 -> 15 | R20: =$C20*稀有度!$G$4*稀有度!$D$6 -> 30 | S20: =$C20*稀有度!$G$4*稀有度!$D$7 -> 60 | T20: =$C20*稀有度!$G$4*稀有度!$D$8 -> 120 | U20: =$C20*稀有度!$G$4*稀有度!$D$9 -> 240 | V20: =$C20*稀有度!$G$4*稀有度!$D$10 -> 450 | W20: =$C20*稀有度!$G$4*稀有度!$D$11 -> 825 | X20: =$C20*稀有度!$G$4*稀有度!$D$12 -> 1500 | Y20: =$C20*稀有度!$G$4*稀有度!$D$13 -> 3000
A21: σ | B21: 标准差 | C21: 6 | D21: 72 | E21: 20 | F21: 普通 | G21: ✓ | H21: σ² | M21: 会射击的中速怪。 | N21: 标准差 | O21: 沙漠 | P21: =$C21*稀有度!$G$4*稀有度!$D$4 -> 9 | Q21: =$C21*稀有度!$G$4*稀有度!$D$5 -> 18 | R21: =$C21*稀有度!$G$4*稀有度!$D$6 -> 36 | S21: =$C21*稀有度!$G$4*稀有度!$D$7 -> 72 | T21: =$C21*稀有度!$G$4*稀有度!$D$8 -> 144 | U21: =$C21*稀有度!$G$4*稀有度!$D$9 -> 288 | V21: =$C21*稀有度!$G$4*稀有度!$D$10 -> 540 | W21: =$C21*稀有度!$G$4*稀有度!$D$11 -> 990 | X21: =$C21*稀有度!$G$4*稀有度!$D$12 -> 1800 | Y21: =$C21*稀有度!$G$4*稀有度!$D$13 -> 3600
A22: μ | B22: 均值 | C22: 8 | D22: 55 | E22: 22 | F22: 普通 | G22: ✓ | H22: μ±σ | I22: ✓ | M22: 会射击的稳健怪。带毒：接触会让你持续中毒。 | N22: 均值 | O22: 冰原 | P22: =$C22*稀有度!$G$4*稀有度!$D$4 -> 12 | Q22: =$C22*稀有度!$G$4*稀有度!$D$5 -> 24 | R22: =$C22*稀有度!$G$4*稀有度!$D$6 -> 48 | S22: =$C22*稀有度!$G$4*稀有度!$D$7 -> 96 | T22: =$C22*稀有度!$G$4*稀有度!$D$8 -> 192 | U22: =$C22*稀有度!$G$4*稀有度!$D$9 -> 384 | V22: =$C22*稀有度!$G$4*稀有度!$D$10 -> 720 | W22: =$C22*稀有度!$G$4*稀有度!$D$11 -> 1320 | X22: =$C22*稀有度!$G$4*稀有度!$D$12 -> 2400 | Y22: =$C22*稀有度!$G$4*稀有度!$D$13 -> 4800
A23: ℝ | B23: 实数集 | C23: 14 | D23: 50 | E23: 26 | F23: 普通 | M23: 血厚的重装怪。 | N23: 实数集 | O23: 冰原 | P23: =$C23*稀有度!$G$4*稀有度!$D$4 -> 21 | Q23: =$C23*稀有度!$G$4*稀有度!$D$5 -> 42 | R23: =$C23*稀有度!$G$4*稀有度!$D$6 -> 84 | S23: =$C23*稀有度!$G$4*稀有度!$D$7 -> 168 | T23: =$C23*稀有度!$G$4*稀有度!$D$8 -> 336 | U23: =$C23*稀有度!$G$4*稀有度!$D$9 -> 672 | V23: =$C23*稀有度!$G$4*稀有度!$D$10 -> 1260 | W23: =$C23*稀有度!$G$4*稀有度!$D$11 -> 2310 | X23: =$C23*稀有度!$G$4*稀有度!$D$12 -> 4200 | Y23: =$C23*稀有度!$G$4*稀有度!$D$13 -> 8400
A24: ℕ | B24: 自然数集 | C24: 5 | D24: 85 | E24: 20 | F24: 普通 | M24: 成群出现的怪物。 | N24: 自然数集 | O24: 花园 | P24: =$C24*稀有度!$G$4*稀有度!$D$4 -> 7.5 | Q24: =$C24*稀有度!$G$4*稀有度!$D$5 -> 15 | R24: =$C24*稀有度!$G$4*稀有度!$D$6 -> 30 | S24: =$C24*稀有度!$G$4*稀有度!$D$7 -> 60 | T24: =$C24*稀有度!$G$4*稀有度!$D$8 -> 120 | U24: =$C24*稀有度!$G$4*稀有度!$D$9 -> 240 | V24: =$C24*稀有度!$G$4*稀有度!$D$10 -> 450 | W24: =$C24*稀有度!$G$4*稀有度!$D$11 -> 825 | X24: =$C24*稀有度!$G$4*稀有度!$D$12 -> 1500 | Y24: =$C24*稀有度!$G$4*稀有度!$D$13 -> 3000
A25: ℂ | B25: 复数集 | C25: 9 | D25: 62 | E25: 24 | F25: 普通 | J25: ✓ | M25: 会定时瞬移。 | N25: 复数集 | O25: 熔岩、虚空、地狱蚁穴 | P25: =$C25*稀有度!$G$4*稀有度!$D$4 -> 13.5 | Q25: =$C25*稀有度!$G$4*稀有度!$D$5 -> 27 | R25: =$C25*稀有度!$G$4*稀有度!$D$6 -> 54 | S25: =$C25*稀有度!$G$4*稀有度!$D$7 -> 108 | T25: =$C25*稀有度!$G$4*稀有度!$D$8 -> 216 | U25: =$C25*稀有度!$G$4*稀有度!$D$9 -> 432 | V25: =$C25*稀有度!$G$4*稀有度!$D$10 -> 810 | W25: =$C25*稀有度!$G$4*稀有度!$D$11 -> 1485 | X25: =$C25*稀有度!$G$4*稀有度!$D$12 -> 2700 | Y25: =$C25*稀有度!$G$4*稀有度!$D$13 -> 5400
A26: δ | B26: 德尔塔 | C26: 2 | D26: 135 | E26: 13 | F26: 普通 | I26: ✓ | M26: 极小的高速怪，成群出现。带毒：接触会让你持续中毒。 | N26: 德尔塔 | O26: 沙漠、冰原 | P26: =$C26*稀有度!$G$4*稀有度!$D$4 -> 3 | Q26: =$C26*稀有度!$G$4*稀有度!$D$5 -> 6 | R26: =$C26*稀有度!$G$4*稀有度!$D$6 -> 12 | S26: =$C26*稀有度!$G$4*稀有度!$D$7 -> 24 | T26: =$C26*稀有度!$G$4*稀有度!$D$8 -> 48 | U26: =$C26*稀有度!$G$4*稀有度!$D$9 -> 96 | V26: =$C26*稀有度!$G$4*稀有度!$D$10 -> 180 | W26: =$C26*稀有度!$G$4*稀有度!$D$11 -> 330 | X26: =$C26*稀有度!$G$4*稀有度!$D$12 -> 600 | Y26: =$C26*稀有度!$G$4*稀有度!$D$13 -> 1200
A27: ln | B27: 自然对数 | C27: 9 | D27: 70 | E27: 22 | F27: 普通 | G27: ✓ | H27: ln x | I27: ✓ | M27: 靠近你时会放慢脚步，并会远程射击。带毒：接触会让你持续中毒。 | N27: 自然对数 | O27: 洞窟、熔岩、地狱蚁穴 | P27: =$C27*稀有度!$G$4*稀有度!$D$4 -> 13.5 | Q27: =$C27*稀有度!$G$4*稀有度!$D$5 -> 27 | R27: =$C27*稀有度!$G$4*稀有度!$D$6 -> 54 | S27: =$C27*稀有度!$G$4*稀有度!$D$7 -> 108 | T27: =$C27*稀有度!$G$4*稀有度!$D$8 -> 216 | U27: =$C27*稀有度!$G$4*稀有度!$D$9 -> 432 | V27: =$C27*稀有度!$G$4*稀有度!$D$10 -> 810 | W27: =$C27*稀有度!$G$4*稀有度!$D$11 -> 1485 | X27: =$C27*稀有度!$G$4*稀有度!$D$12 -> 2700 | Y27: =$C27*稀有度!$G$4*稀有度!$D$13 -> 5400
A28: Λ | B28: 逻辑与 | C28: 9 | D28: 60 | E28: 24 | F28: 普通 | J28: ✓ | K28: ✓ | M28: 既会瞬移，也会突然冲刺。 | N28: 逻辑与 | O28: 深渊、虚空、地狱蚁穴 | P28: =$C28*稀有度!$G$4*稀有度!$D$4 -> 13.5 | Q28: =$C28*稀有度!$G$4*稀有度!$D$5 -> 27 | R28: =$C28*稀有度!$G$4*稀有度!$D$6 -> 54 | S28: =$C28*稀有度!$G$4*稀有度!$D$7 -> 108 | T28: =$C28*稀有度!$G$4*稀有度!$D$8 -> 216 | U28: =$C28*稀有度!$G$4*稀有度!$D$9 -> 432 | V28: =$C28*稀有度!$G$4*稀有度!$D$10 -> 810 | W28: =$C28*稀有度!$G$4*稀有度!$D$11 -> 1485 | X28: =$C28*稀有度!$G$4*稀有度!$D$12 -> 2700 | Y28: =$C28*稀有度!$G$4*稀有度!$D$13 -> 5400
A29: Ø | B29: 空集 | C29: 20 | D29: 45 | E29: 30 | F29: 普通 | L29: ✓ | M29: 血厚体大，死后会分裂。 | N29: 空集 | O29: 熔岩、虚空 | P29: =$C29*稀有度!$G$4*稀有度!$D$4 -> 30 | Q29: =$C29*稀有度!$G$4*稀有度!$D$5 -> 60 | R29: =$C29*稀有度!$G$4*稀有度!$D$6 -> 120 | S29: =$C29*稀有度!$G$4*稀有度!$D$7 -> 240 | T29: =$C29*稀有度!$G$4*稀有度!$D$8 -> 480 | U29: =$C29*稀有度!$G$4*稀有度!$D$9 -> 960 | V29: =$C29*稀有度!$G$4*稀有度!$D$10 -> 1800 | W29: =$C29*稀有度!$G$4*稀有度!$D$11 -> 3300 | X29: =$C29*稀有度!$G$4*稀有度!$D$12 -> 6000 | Y29: =$C29*稀有度!$G$4*稀有度!$D$13 -> 12000
A31: 血量列 = 基础血量 × 怪物基础血量倍数 × 该稀有度的血量倍率（见「稀有度」表），未计入地图难度加成。

Sheet 装备
A1: 序号 | B1: 符号 | C1: 名称 | D1: 分类 | E1: 基础伤害 | F1: 生效方式 | G1: 效果 | H1: 普通伤害 | I1: 罕见伤害 | J1: 稀有伤害 | K1: 史诗伤害 | L1: 传说伤害 | M1: 神话伤害 | N1: 超级伤害 | O1: 究极伤害 | P1: 永恒伤害 | Q1: 唯一伤害
A2: 1 | B2: + | C2: 加 | D2: 基础运算 | E2: 2 | F2: 命中效果 | G2: 基础近战花瓣，伤害稳定，附带轻微击退。 | H2: =$E2*稀有度!$C$4 -> 2 | I2: =$E2*稀有度!$C$5 -> 3 | J2: =$E2*稀有度!$C$6 -> 4.5 | K2: =$E2*稀有度!$C$7 -> 6.75 | L2: =$E2*稀有度!$C$8 -> 10.125 | M2: =$E2*稀有度!$C$9 -> 15.1875 | N2: =$E2*稀有度!$C$10 -> 22.78125 | O2: =$E2*稀有度!$C$11 -> 34.171875 | P2: =$E2*稀有度!$C$12 -> 51.257812 | Q2: =$E2*稀有度!$C$13 -> 76.886719
A3: 2 | B3: − | C3: 减 | D3: 基础运算 | E3: 1.2 | F3: 命中效果 | G3: 伤害较低，命中让怪物减速。 | H3: =$E3*稀有度!$C$4 -> 1.2 | I3: =$E3*稀有度!$C$5 -> 1.8 | J3: =$E3*稀有度!$C$6 -> 2.7 | K3: =$E3*稀有度!$C$7 -> 4.05 | L3: =$E3*稀有度!$C$8 -> 6.075 | M3: =$E3*稀有度!$C$9 -> 9.1125 | N3: =$E3*稀有度!$C$10 -> 13.66875 | O3: =$E3*稀有度!$C$11 -> 20.503125 | P3: =$E3*稀有度!$C$12 -> 30.754687 | Q3: =$E3*稀有度!$C$13 -> 46.132031
A4: 3 | B4: × | C4: 乘 | D4: 基础运算 | E4: 3.2 | F4: 命中效果 | G4: 高伤害，附带击退。 | H4: =$E4*稀有度!$C$4 -> 3.2 | I4: =$E4*稀有度!$C$5 -> 4.8 | J4: =$E4*稀有度!$C$6 -> 7.2 | K4: =$E4*稀有度!$C$7 -> 10.8 | L4: =$E4*稀有度!$C$8 -> 16.2 | M4: =$E4*稀有度!$C$9 -> 24.3 | N4: =$E4*稀有度!$C$10 -> 36.45 | O4: =$E4*稀有度!$C$11 -> 54.675 | P4: =$E4*稀有度!$C$12 -> 82.0125 | Q4: =$E4*稀有度!$C$13 -> 123.01875
A5: 4 | B5: ÷ | C5: 除 | D5: 基础运算 | E5: 1.6 | F5: 命中效果 | G5: 强力击退，把怪物弹开。 | H5: =$E5*稀有度!$C$4 -> 1.6 | I5: =$E5*稀有度!$C$5 -> 2.4 | J5: =$E5*稀有度!$C$6 -> 3.6 | K5: =$E5*稀有度!$C$7 -> 5.4 | L5: =$E5*稀有度!$C$8 -> 8.1 | M5: =$E5*稀有度!$C$9 -> 12.15 | N5: =$E5*稀有度!$C$10 -> 18.225 | O5: =$E5*稀有度!$C$11 -> 27.3375 | P5: =$E5*稀有度!$C$12 -> 41.00625 | Q5: =$E5*稀有度!$C$13 -> 61.509375
A6: 5 | B6: = | C6: 等于 | D6: 基础运算 | E6: 1.4 | F6: 命中效果 | G6: 命中时有概率回复生命。 | H6: =$E6*稀有度!$C$4 -> 1.4 | I6: =$E6*稀有度!$C$5 -> 2.1 | J6: =$E6*稀有度!$C$6 -> 3.15 | K6: =$E6*稀有度!$C$7 -> 4.725 | L6: =$E6*稀有度!$C$8 -> 7.0875 | M6: =$E6*稀有度!$C$9 -> 10.63125 | N6: =$E6*稀有度!$C$10 -> 15.946875 | O6: =$E6*稀有度!$C$11 -> 23.920313 | P6: =$E6*稀有度!$C$12 -> 35.880469 | Q6: =$E6*稀有度!$C$13 -> 53.820703
A7: 6 | B7: % | C7: 百分 | D7: 基础运算 | E7: 1.8 | F7: 命中效果 | G7: 按比例计算。额外造成怪物最大生命一定百分比的伤害。 | H7: =$E7*稀有度!$C$4 -> 1.8 | I7: =$E7*稀有度!$C$5 -> 2.7 | J7: =$E7*稀有度!$C$6 -> 4.05 | K7: =$E7*稀有度!$C$7 -> 6.075 | L7: =$E7*稀有度!$C$8 -> 9.1125 | M7: =$E7*稀有度!$C$9 -> 13.66875 | N7: =$E7*稀有度!$C$10 -> 20.503125 | O7: =$E7*稀有度!$C$11 -> 30.754687 | P7: =$E7*稀有度!$C$12 -> 46.132031 | Q7: =$E7*稀有度!$C$13 -> 69.198047
A8: 7 | B8: ∫ | C8: 积分 | D8: 基础运算 | E8: 1.2 | F8: 命中效果 | G8: 把变化累加起来。连续命中同一怪物，伤害不断累积。 | H8: =$E8*稀有度!$C$4 -> 1.2 | I8: =$E8*稀有度!$C$5 -> 1.8 | J8: =$E8*稀有度!$C$6 -> 2.7 | K8: =$E8*稀有度!$C$7 -> 4.05 | L8: =$E8*稀有度!$C$8 -> 6.075 | M8: =$E8*稀有度!$C$9 -> 9.1125 | N8: =$E8*稀有度!$C$10 -> 13.66875 | O8: =$E8*稀有度!$C$11 -> 20.503125 | P8: =$E8*稀有度!$C$12 -> 30.754687 | Q8: =$E8*稀有度!$C$13 -> 46.132031
A9: 8 | B9: Δ | C9: 增量 | D9: 基础运算 | E9: 1 | F9: 装备被动 | G9: 装备后加快所有花瓣的旋转速度。 | H9: =$E9*稀有度!$C$4 -> 1 | I9: =$E9*稀有度!$C$5 -> 1.5 | J9: =$E9*稀有度!$C$6 -> 2.25 | K9: =$E9*稀有度!$C$7 -> 3.375 | L9: =$E9*稀有度!$C$8 -> 5.0625 | M9: =$E9*稀有度!$C$9 -> 7.59375 | N9: =$E9*稀有度!$C$10 -> 11.390625 | O9: =$E9*稀有度!$C$11 -> 17.085938 | P9: =$E9*稀有度!$C$12 -> 25.628906 | Q9: =$E9*稀有度!$C$13 -> 38.443359
A10: 9 | B10: ≠ | C10: 不等于 | D10: 基础运算 | E10: 1.2 | F10: 命中效果 | G10: 命中时有概率让怪物眩晕。 | H10: =$E10*稀有度!$C$4 -> 1.2 | I10: =$E10*稀有度!$C$5 -> 1.8 | J10: =$E10*稀有度!$C$6 -> 2.7 | K10: =$E10*稀有度!$C$7 -> 4.05 | L10: =$E10*稀有度!$C$8 -> 6.075 | M10: =$E10*稀有度!$C$9 -> 9.1125 | N10: =$E10*稀有度!$C$10 -> 13.66875 | O10: =$E10*稀有度!$C$11 -> 20.503125 | P10: =$E10*稀有度!$C$12 -> 30.754687 | Q10: =$E10*稀有度!$C$13 -> 46.132031
A11: 10 | B11: ∂ | C11: 偏导 | D11: 基础运算 | E11: 1.6 | F11: 命中效果 | G11: 命中时把一部分伤害溅射给附近的怪物。 | H11: =$E11*稀有度!$C$4 -> 1.6 | I11: =$E11*稀有度!$C$5 -> 2.4 | J11: =$E11*稀有度!$C$6 -> 3.6 | K11: =$E11*稀有度!$C$7 -> 5.4 | L11: =$E11*稀有度!$C$8 -> 8.1 | M11: =$E11*稀有度!$C$9 -> 12.15 | N11: =$E11*稀有度!$C$10 -> 18.225 | O11: =$E11*稀有度!$C$11 -> 27.3375 | P11: =$E11*稀有度!$C$12 -> 41.00625 | Q11: =$E11*稀有度!$C$13 -> 61.509375
A12: 11 | B12: ≥ | C12: 大于等于 | D12: 基础运算 | E12: 1.8 | F12: 命中效果 | G12: 有概率打出 3 倍暴击。 | H12: =$E12*稀有度!$C$4 -> 1.8 | I12: =$E12*稀有度!$C$5 -> 2.7 | J12: =$E12*稀有度!$C$6 -> 4.05 | K12: =$E12*稀有度!$C$7 -> 6.075 | L12: =$E12*稀有度!$C$8 -> 9.1125 | M12: =$E12*稀有度!$C$9 -> 13.66875 | N12: =$E12*稀有度!$C$10 -> 20.503125 | O12: =$E12*稀有度!$C$11 -> 30.754687 | P12: =$E12*稀有度!$C$12 -> 46.132031 | Q12: =$E12*稀有度!$C$13 -> 69.198047
A13: 12 | B13: ∪ | C13: 并集 | D13: 基础运算 | E13: 1 | F13: 上排被动 | G13: 装备在上排时扩大拾取范围。 | H13: =$E13*稀有度!$C$4 -> 1 | I13: =$E13*稀有度!$C$5 -> 1.5 | J13: =$E13*稀有度!$C$6 -> 2.25 | K13: =$E13*稀有度!$C$7 -> 3.375 | L13: =$E13*稀有度!$C$8 -> 5.0625 | M13: =$E13*稀有度!$C$9 -> 7.59375 | N13: =$E13*稀有度!$C$10 -> 11.390625 | O13: =$E13*稀有度!$C$11 -> 17.085938 | P13: =$E13*稀有度!$C$12 -> 25.628906 | Q13: =$E13*稀有度!$C$13 -> 38.443359
... A63: 62 | B63: Λ | C63: 逻辑与 | D63: 怪物卡 | E63: 1.5 | F63: 命中效果 | G63: 全部成立才成立。命中时周围的怪物也会受到伤害。 | H63: =$E63*稀有度!$C$4 -> 1.5 | I63: =$E63*稀有度!$C$5 -> 2.25 | J63: =$E63*稀有度!$C$6 -> 3.375 | K63: =$E63*稀有度!$C$7 -> 5.0625 | L63: =$E63*稀有度!$C$8 -> 7.59375 | M63: =$E63*稀有度!$C$9 -> 11.390625 | N63: =$E63*稀有度!$C$10 -> 17.085938 | O63: =$E63*稀有度!$C$11 -> 25.628906 | P63: =$E63*稀有度!$C$12 -> 38.443359 | Q63: =$E63*稀有度!$C$13 -> 57.665039
A65: 蓝字为游戏内的基础伤害；各稀有度伤害 = 基础伤害 × 装备伤害倍率（见「稀有度」表）。「上排被动」只有放在主装备栏才生效。

Sheet 地图
A1: 地图 | B1: 难度 | C1: 品质下限（序号） | D1: 品质上限（序号） | E1: 品质范围 | F1: 出现怪物 | G1: 怪物种数
A2: 花园 | B2: 1 | C2: 0 | D2: 3 | E2: =INDEX(稀有度!$B$4:$B$13,C2+1)&" ~ "&INDEX(稀有度!$B$4:$B$13,D2+1) -> 普通 ~ 史诗 | F2: π √ e ℕ | G2: =LEN(F2)-LEN(SUBSTITUTE(F2," ",""))+1 -> 4
A3: 沙漠 | B3: 3 | C3: 1 | D3: 4 | E3: =INDEX(稀有度!$B$4:$B$13,C3+1)&" ~ "&INDEX(稀有度!$B$4:$B$13,D3+1) -> 罕见 ~ 传说 | F3: √ ∞ i ε σ δ | G3: =LEN(F3)-LEN(SUBSTITUTE(F3," ",""))+1 -> 6
A4: 洞窟 | B4: 5 | C4: 1 | D4: 5 | E4: =INDEX(稀有度!$B$4:$B$13,C4+1)&" ~ "&INDEX(稀有度!$B$4:$B$13,D4+1) -> 罕见 ~ 神话 | F4: ∞ ∑ ! φ ζ lim f′ v⃗ ln | G4: =LEN(F4)-LEN(SUBSTITUTE(F4," ",""))+1 -> 9
A5: 深渊 | B5: 8 | C5: 2 | D5: 6 | E5: =INDEX(稀有度!$B$4:$B$13,C5+1)&" ~ "&INDEX(稀有度!$B$4:$B$13,D5+1) -> 稀有 ~ 超级 | F5: i ! φ ∑ ∏ Ω P(A) lim [ ] Λ | G5: =LEN(F5)-LEN(SUBSTITUTE(F5," ",""))+1 -> 11
A6: 冰原 | B6: 4 | C6: 1 | D6: 4 | E6: =INDEX(稀有度!$B$4:$B$13,C6+1)&" ~ "&INDEX(稀有度!$B$4:$B$13,D6+1) -> 罕见 ~ 传说 | F6: e ε ∞ ζ ∏ μ ℝ δ | G6: =LEN(F6)-LEN(SUBSTITUTE(F6," ",""))+1 -> 8
A7: 熔岩 | B7: 7 | C7: 2 | D7: 6 | E7: =INDEX(稀有度!$B$4:$B$13,C7+1)&" ~ "&INDEX(稀有度!$B$4:$B$13,D7+1) -> 稀有 ~ 超级 | F7: φ ∑ ∏ ζ ! Ψ [ ] ℂ f′ ln Ø | G7: =LEN(F7)-LEN(SUBSTITUTE(F7," ",""))+1 -> 12
A8: 虚空 | B8: 10 | C8: 3 | D8: 7 | E8: =INDEX(稀有度!$B$4:$B$13,C8+1)&" ~ "&INDEX(稀有度!$B$4:$B$13,D8+1) -> 史诗 ~ 究极 | F8: i φ ∏ ∑ Ω Ψ ∇ P(A) ℂ v⃗ Ø Λ | G8: =LEN(F8)-LEN(SUBSTITUTE(F8," ",""))+1 -> 12
A9: 地狱蚁穴 | B9: 12 | C9: 4 | D9: 8 | E9: =INDEX(稀有度!$B$4:$B$13,C9+1)&" ~ "&INDEX(稀有度!$B$4:$B$13,D9+1) -> 传说 ~ 永恒 | F9: ∇ P(A) ℂ v⃗ ∏ Ψ Ω [ ] lim f′ ∑ ln Λ | G9: =LEN(F9)-LEN(SUBSTITUTE(F9," ",""))+1 -> 14
A11: 同一张地图里所有品质都可能出现，品质范围内的最常见；离出生点越远、所在区域越强，品质越高。

Sheet 稀有度
A1: 稀有度倍率
A3: 序号 | B3: 稀有度 | C3: 装备伤害倍率 | D3: 怪物血量倍率 | F3: 装备伤害底数 | G3: 1.5
A4: 0 | B4: 普通 | C4: =$G$3^A4 -> 1 | D4: 1 | F4: 怪物基础血量倍数 | G4: 1.5
A5: 1 | B5: 罕见 | C5: =$G$3^A5 -> 1.5 | D5: 2
A6: 2 | B6: 稀有 | C6: =$G$3^A6 -> 2.25 | D6: 4 | F6: 说明
A7: 3 | B7: 史诗 | C7: =$G$3^A7 -> 3.375 | D7: 8 | F7: 蓝字是游戏里写死的数值，黄底单元格可以修改，其余表格会自动重算。
A8: 4 | B8: 传说 | C8: =$G$3^A8 -> 5.0625 | D8: 16 | F8: 装备伤害倍率 = 底数 ^ 稀有度序号（普通为 0，唯一为 9）。
A9: 5 | B9: 神话 | C9: =$G$3^A9 -> 7.59375 | D9: 32 | F9: 怪物血量 = 基础血量 × 基础血量倍数 × 稀有度血量倍率。
A10: 6 | B10: 超级 | C10: =$G$3^A10 -> 11.390625 | D10: 60 | F10: 游戏里怪物血量还会乘以地图难度加成 (1 + (难度 − 1) × 15%)，本表未计入。
A11: 7 | B11: 究极 | C11: =$G$3^A11 -> 17.085938 | D11: 110 | F11: 数据来自当前版本的游戏文件。
A12: 8 | B12: 永恒 | C12: =$G$3^A12 -> 25.628906 | D12: 200
A13: 9 | B13: 唯一 | C13: =$G$3^A13 -> 38.443359 | D13: 400
